instrument_id,sample_id,run_date,plates,resolution,tailing
GC_02,S027,2025-01-01,28673.77777777778,2.9532898936835457,0.9738139805213457
GC_02,S096,2025-01-01,31862.25,2.0189372794080476,1.0224913332913397
GC_02,S219,2025-01-01,19824.639999999996,2.2221673176264005,0.9981468855773278
GC_02,S087,2025-01-02,41849.469387755096,2.937232815490206,0.9958448577863152
GC_02,S197,2025-01-02,16384.0,2.8742892163118245,1.0293629237939335
GC_02,S003,2025-01-03,36100.0,2.310082766840315,1.017020096908843
GC_02,S126,2025-01-03,26460.44444444445,2.924919380072985,1.0189560405847335
GC_02,S417,2025-01-03,18397.223140495866,1.5096913921998494,1.0895185835540784
GC_02,S222,2025-01-04,30800.24999999999,2.796340100295194,0.9777224043488673
GC_02,S328,2025-01-04,18004.760330578512,2.144545307675671,1.0031808354855287
GC_02,S254,2025-01-05,29737.08641975309,1.969669781265018,1.031818616325719
GC_02,S274,2025-01-05,23470.239999999998,2.436045250802472,1.036604259102421
GC_02,S366,2025-01-05,24614.123456790123,1.6112216392378478,0.9598240139725687
GC_02,S280,2025-01-06,14161.0,2.0807080341138353,1.0806547669626525
GC_02,S421,2025-01-06,14320.111111111113,2.2225566224637134,1.0193061208823981
GC_02,S031,2025-01-07,19701.950413223134,2.851237222701164,1.001556432586926
GC_02,S400,2025-01-07,37056.25,2.3795302636355995,0.9873257197924312
GC_02,S080,2025-01-08,25175.11111111111,2.143744693819025,1.0486997113822536
GC_02,S305,2025-01-08,14560.444444444445,1.9202477234043218,1.053827034709759
GC_02,S344,2025-01-08,13924.0,2.038085850196553,1.0960366466147387
GC_02,S427,2025-01-08,24336.0,2.329818434116312,0.9770970516974188
GC_02,S428,2025-01-08,36100.0,2.6794612239365914,1.0253326385275614
GC_02,S440,2025-01-08,18397.223140495866,2.1032113637088754,1.019017670234842
GC_02,S211,2025-01-09,46409.469387755096,2.2419838713543494,0.8827857738873657
GC_02,S286,2025-01-09,19804.165289256198,2.0988041627191065,1.0273144468051674
GC_02,S010,2025-01-11,18694.347107438014,2.012217864290811,1.0468523283482103
GC_02,S136,2025-01-11,20009.38842975207,2.515991900975754,0.9761613082205868
GC_02,S149,2025-01-11,22141.440000000002,2.654464363678594,1.0246139276812392
GC_02,S410,2025-01-12,20163.999999999993,1.835021339226163,1.0973286038574201
GC_02,S029,2025-01-13,16291.041322314048,1.847621212329805,0.9733338572359224
GC_02,S206,2025-01-13,31506.25,2.71902214157919,0.9818569324427386
GC_02,S420,2025-01-13,34410.25,2.233996017205917,0.9258647342964664
GC_02,S103,2025-01-15,38025.0,1.6420733751430034,1.0366014783278379
GC_02,S124,2025-01-16,46409.469387755096,2.497963524390523,0.9848015162924629
GC_02,S164,2025-01-16,28224.0,1.743063844953567,1.0098011261804631
GC_02,S300,2025-01-16,47151.020408163255,2.1449881308087777,0.9946174613879758
GC_02,S314,2025-01-16,20620.96,2.976736196492054,1.0192867385652635
GC_02,S327,2025-01-17,13527.479289940824,1.7755956915692925,0.9708445328157318
GC_02,S373,2025-01-17,19498.314049586774,2.176614220325559,1.0804180125722944
GC_02,S449,2025-01-17,14081.77777777778,1.710299935810784,1.0079012116511898
GC_02,S012,2025-01-18,35156.25,2.8742424008931584,1.0980803931123175
GC_02,S081,2025-01-19,33856.0,1.586879574611803,0.8955782002350927
GC_02,S139,2025-01-19,16384.0,2.4268666165975463,1.0243913518330865
GC_02,S330,2025-01-19,25885.234567901232,2.8990599912079444,0.9233287813111403
GC_02,S349,2025-01-19,32761.0,1.7175110620231364,0.9015785599832066
GC_02,S053,2025-01-20,27777.777777777785,2.801351513296508,0.933517705833773
GC_02,S218,2025-01-20,29431.308641975305,2.390264764342915,1.027411099612744
GC_02,S205,2025-01-22,19906.644628099173,2.0646265470592926,0.9229895534490525
GC_02,S319,2025-01-22,27926.123456790123,1.888324329643142,0.9728382880169305
GC_02,S037,2025-01-24,28673.77777777778,2.139990020536588,1.0237509685972184
GC_02,S060,2025-01-24,15458.777777777781,2.7474690422417103,1.091812341345617
GC_02,S086,2025-01-24,24893.827160493824,1.704374785863545,0.920312576801913
GC_02,S174,2025-01-24,21432.960000000003,2.0421069761930655,1.033846117766423
GC_02,S276,2025-01-24,15708.444444444443,2.7252876612301424,1.013997102388537
GC_02,S354,2025-01-24,22380.16,2.0146623570591062,1.0551439211900169
GC_02,S392,2025-01-24,16758.47933884298,2.631839826367292,0.9258970547557632
GC_02,S170,2025-01-25,25742.419753086422,2.1073760705644182,0.999320098250452
GC_02,S411,2025-01-25,27188.345679012345,2.608190786834708,1.0625499321412566
GC_02,S432,2025-01-25,29279.012345679013,2.4382426601266776,0.9373846559263544
GC_02,S051,2025-01-26,35910.25,1.8644965937356321,1.0169163717091523
GC_02,S128,2025-01-27,20277.760000000002,2.623449017508025,1.0627814746796782
GC_02,S408,2025-01-27,23839.359999999993,2.5002932599093777,1.1085150588099448
GC_02,S163,2025-01-28,22380.16,2.9434905136249596,0.9296806561370244
GC_02,S166,2025-01-28,13815.289940828401,2.1393092333516837,0.9833939290825635
GC_02,S312,2025-01-28,14320.111111111113,2.606335630797485,0.9913093878953706
GC_02,S287,2025-01-29,45918.36734693877,2.519214000806801,0.9995608045166855
GC_02,S137,2025-01-30,22861.439999999995,2.4291322467670526,1.0603299306690632
GC_02,S237,2025-01-30,17810.115702479336,2.2307490534199594,0.8846005442015326
GC_02,S396,2025-01-30,34225.0,2.563772948124716,1.0203757153528192
GC_02,S042,2025-01-31,28975.60493827161,1.8700344322885227,1.1027560779921426
GC_02,S084,2025-01-31,23963.039999999994,2.0364345608834076,0.9266923850352817
GC_02,S015,2025-02-01,22141.440000000002,2.511318703466179,1.0093804950602954
GC_02,S095,2025-02-01,11998.674556213016,2.309957440401474,0.9017563254451663
GC_02,S109,2025-02-01,16664.462809917357,2.1314148033889255,1.01476911472597
GC_02,S343,2025-02-01,17137.19008264463,2.1922513316887233,0.9392019731250845
GC_02,S290,2025-02-02,29431.308641975305,2.8111478993254733,0.989107423606071
GC_02,S448,2025-02-02,27188.345679012345,1.7912255752373514,1.0708448792975322
GC_02,S165,2025-02-03,17713.19008264463,1.5105366532837228,0.9806276512155204
GC_02,S173,2025-02-03,16947.30578512397,2.77978060626448,1.0194528116331827
GC_02,S221,2025-02-04,24211.359999999997,2.828301234533456,1.0792349891738093
GC_02,S374,2025-02-04,14240.444444444447,1.8358411260423693,0.987492150441013
GC_02,S390,2025-02-04,32580.25,2.7553914113699953,0.9983779991209559
GC_02,S169,2025-02-05,22620.159999999993,2.618383006262679,0.9871361191160765
GC_02,S270,2025-02-06,24893.827160493824,1.8506979183897176,1.0797727611057368
GC_02,S239,2025-02-07,23225.760000000002,2.20021564232246,1.0221628559347968
GC_02,S313,2025-02-07,16947.30578512397,2.178139921564176,1.0078035770714324
GC_02,S050,2025-02-08,22141.440000000002,1.5729250685115275,1.1019910245073123
GC_02,S360,2025-02-08,12201.751479289938,2.3916061147575958,1.050837862171639
GC_02,S364,2025-02-08,25742.419753086422,1.7606466887041154,0.9553424243144047
GC_02,S076,2025-02-09,14240.444444444447,2.0293325937086264,1.049171046504708
GC_02,S172,2025-02-09,43264.0,2.635392290961184,0.9841301082008562
GC_02,S356,2025-02-09,27926.123456790123,2.6191210098877686,1.0094672857531146
GC_02,S369,2025-02-09,22740.639999999996,1.916522751436924,1.015510364916655
GC_02,S278,2025-02-10,14884.000000000004,1.8128736104468188,1.0390233867541077
GC_02,S301,2025-02-10,18793.9173553719,2.263442310471328,0.9230012469610999
GC_02,S379,2025-02-10,20050.559999999998,1.902970376627959,0.9447887670948174
GC_02,S101,2025-02-11,14641.0,2.5523236301243184,0.9546775640367203
GC_02,S433,2025-02-11,25457.97530864197,2.721666920414882,1.0102122883476772
GC_02,S023,2025-02-12,28373.530864197535,1.7313084121234898,1.055613990643833
GC_02,S063,2025-02-13,16384.0,2.6617285005165465,0.9547872571565086
GC_02,S151,2025-02-13,24211.359999999997,2.6776547852042603,1.0409003364020208
GC_02,S255,2025-02-13,37442.25,2.103527573359008,1.0129517838118103
GC_02,S007,2025-02-15,28975.60493827161,1.543936058415333,1.0148268335217179
GC_02,S141,2025-02-15,25885.234567901232,1.9314680046849224,0.9523210132630493
GC_02,S176,2025-02-15,14033.136094674557,2.2170861186028703,1.0444244181114966
GC_02,S110,2025-02-16,20736.0,1.9088687531388542,0.9041738645380163
GC_02,S414,2025-02-17,33672.25,2.6169262713101626,1.0223315994081466
GC_02,S418,2025-02-17,45918.36734693877,1.8276081992307183,0.9268822505054712
GC_02,S260,2025-02-18,24753.77777777778,1.5058425371969235,0.9663320994161557
GC_02,S236,2025-02-19,15876.0,2.2837913747797725,0.9848716577131422
GC_02,S204,2025-02-20,12544.0,1.730949650532366,1.0533794497097695
GC_02,S393,2025-02-20,20050.559999999998,2.6775981422310786,0.9526318272351697
GC_02,S106,2025-02-21,22380.16,2.8238699903392406,1.0511637412613446
GC_02,S071,2025-02-22,21904.0,1.736416189989505,0.9653540804300536
GC_02,S153,2025-02-22,35910.25,2.773476654292759,1.0376830104296166
GC_02,S156,2025-02-22,19937.439999999995,2.2078642254655305,1.0619292696381262
GC_02,S233,2025-02-22,34969.0,2.9431434562741856,1.0212817719423524
GC_02,S391,2025-02-22,23103.999999999993,2.006196558104989,0.9568414889302753
GC_02,S363,2025-02-23,16947.30578512397,1.5644133017929776,0.9029373096504836
GC_02,S006,2025-02-24,18397.223140495866,2.276286494488616,1.0199500034765772
GC_02,S134,2025-02-24,19712.159999999993,1.5448812464571522,0.9099144283128511
GC_02,S145,2025-02-24,18793.9173553719,2.364555141752143,0.9755633235847796
GC_02,S415,2025-02-25,22740.639999999996,1.519543000206828,1.0017818587763994
GC_02,S342,2025-02-26,16570.71074380165,1.9318053169942082,0.9650939519043874
GC_02,S425,2025-02-26,20620.96,1.6371678489490569,1.017114789528487
GC_02,S144,2025-02-27,20163.999999999993,2.6308187520238837,1.0064067858305483
GC_02,S155,2025-02-27,20620.96,2.6424436861982663,1.015309686951679
GC_02,S277,2025-02-27,33856.0,2.173884820530291,1.0649529516285574
GC_02,S293,2025-02-27,32400.0,1.7563185260902368,0.9360613888239551
GC_02,S192,2025-02-28,17520.13223140496,1.7327033990882268,0.9985401120610101
GC_02,S047,2025-03-01,34596.0,1.98202863868527,0.9291380625722123
GC_02,S181,2025-03-01,26172.049382716057,1.7840599759028457,0.997722882711226
GC_02,S340,2025-03-01,43502.040816326524,1.7641933369233929,1.083835644303628
GC_02,S157,2025-03-02,17713.19008264463,2.112136066707504,1.0035439534342647
GC_02,S168,2025-03-02,19824.639999999996,1.9986162242108154,0.9962957531216414
GC_02,S171,2025-03-02,29279.012345679013,2.912494308768146,0.980530188808971
GC_02,S275,2025-03-02,20620.96,1.5839005058414426,0.9235506592383466
GC_02,S318,2025-03-02,18793.9173553719,2.8692050937575786,0.9265113679578542
GC_02,S384,2025-03-02,16384.0,2.4660295024084924,0.993115390554886
GC_02,S093,2025-03-03,47648.653061224475,2.3069892134225585,1.035275747874671
GC_02,S250,2025-03-03,18200.462809917353,2.3911254405245788,0.9452482572331733
GC_02,S337,2025-03-03,36100.0,1.5764539634640538,1.0023553091944273
GC_02,S092,2025-03-04,19937.439999999995,1.8036785537713853,0.8330693808473264
GC_02,S231,2025-03-04,16298.77777777778,2.8406335808954988,1.053327475998128
GC_02,S438,2025-03-04,17424.0,2.971978467868274,1.0013765878371161
GC_02,S148,2025-03-06,20620.96,2.2735572147810967,0.954991431459523
GC_02,S234,2025-03-06,33856.0,2.50983601993089,0.9738722081192119
GC_02,S028,2025-03-07,29279.012345679013,2.39034801984084,1.00462781440121
GC_02,S162,2025-03-07,37830.25,1.8400824479441689,0.967206308899071
GC_02,S355,2025-03-07,19094.21487603306,2.2543774002787877,1.002701360055576
GC_02,S089,2025-03-08,12406.532544378699,2.766774570888624,0.9598537105836683
GC_02,S258,2025-03-08,25457.97530864197,1.9749378153652057,0.9944594144369687
GC_02,S004,2025-03-09,16664.462809917357,1.8988528758939385,1.103962035450693
GC_02,S108,2025-03-09,15792.111111111113,2.656095248674465,0.9162358619690213
GC_02,S120,2025-03-09,16384.0,2.2037189867060967,1.019709467018165
GC_02,S324,2025-03-09,23347.839999999997,1.7071044734609864,1.0213820661093833
GC_02,S338,2025-03-09,26028.44444444445,2.5725044013905274,1.0587472943968785
GC_02,S361,2025-03-09,15458.777777777781,1.5069270441927616,0.9536146081551148
GC_02,S435,2025-03-09,14320.111111111113,2.7436070136379316,0.9036809879853249
GC_02,S215,2025-03-10,14320.111111111113,1.8007951787196743,1.026821753230134
GC_02,S348,2025-03-10,42083.59183673468,2.32056911791805,1.1078494112213622
GC_02,S263,2025-03-11,18397.223140495866,2.865640574413997,1.1051704895139507
GC_02,S288,2025-03-12,47151.020408163255,2.018672325050146,0.9858129059444513
GC_02,S307,2025-03-12,19396.892561983474,2.152691326429085,1.0743868199044266
GC_02,S267,2025-03-13,24753.77777777778,2.0666866184588875,0.9982284962231488
GC_02,S279,2025-03-13,14326.24852071006,2.8490669122788654,0.9447838025583898
GC_02,S094,2025-03-14,19701.950413223134,2.07245092836427,1.0549502307642673
GC_02,S097,2025-03-14,27629.82716049383,1.537312135904923,1.0251365988008778
GC_02,S130,2025-03-14,21432.960000000003,1.8341070222119398,0.9710364894495452
GC_02,S158,2025-03-14,36100.0,2.695951259517412,0.9597243241877124
GC_02,S228,2025-03-14,36100.0,1.643961848048576,0.9288279243423045
GC_02,S243,2025-03-14,25600.0,1.99992544085499,0.9471044455701865
GC_02,S272,2025-03-14,18496.0,1.576939258056333,0.9799395101089774
GC_02,S099,2025-03-15,16384.0,1.9187558224768053,0.9789782308168933
GC_02,S262,2025-03-15,45429.87755102039,2.7568495506476123,0.9421238776831169
GC_02,S357,2025-03-15,20163.999999999993,2.478526610788899,0.9160122476573043
GC_02,S022,2025-03-16,14400.000000000004,2.2558767499389476,0.9924168798331188
GC_02,S062,2025-03-17,44220.081632653055,1.5334341471787107,0.9921316340470211
GC_02,S088,2025-03-17,19906.644628099173,1.545081978786043,0.9643443250250813
GC_02,S112,2025-03-17,19906.644628099173,1.655765686367793,1.131527991905918
GC_02,S240,2025-03-17,32580.25,1.8231657142591295,0.9091919147275394
GC_02,S439,2025-03-17,33306.25,2.616557209307728,1.0542675980286333
GC_02,S135,2025-03-18,14161.0,2.341571111805081,1.0389183730816418
GC_02,S034,2025-03-19,12133.869822485205,1.8296241230086707,1.0017997166047345
GC_02,S385,2025-03-19,28074.86419753087,1.7792158251850192,1.0933573012063533
GC_02,S331,2025-03-20,14965.444444444443,1.7963301361322421,1.0194695089181887
GC_02,S210,2025-03-21,10995.020408163264,2.3779478315407694,0.9685424935506857
GC_02,S367,2025-03-21,34410.25,1.6305418257012911,0.9913029596362984
GC_02,S445,2025-03-21,28373.530864197535,1.661849001355016,0.9750216780073151
GC_02,S066,2025-03-22,22380.16,1.581140468320948,0.9822921250498274
GC_02,S198,2025-03-22,36290.25,1.585886761099032,1.0289017820080106
GC_02,S224,2025-03-22,19396.892561983474,1.6916897821099697,0.913118815588736
GC_02,S261,2025-03-22,29431.308641975305,1.9149224188953649,1.0186795146113092
GC_02,S298,2025-03-22,18397.223140495866,2.473201651989241,1.0067771882588994
GC_02,S212,2025-03-23,16555.11111111111,2.0293603777271394,0.9351980927871294
GC_02,S223,2025-03-23,23225.760000000002,2.2225155635377587,0.9790476708028478
GC_02,S294,2025-03-23,37249.0,2.6786382062589613,1.0874169667670144
GC_02,S038,2025-03-24,18496.0,2.669254574108815,1.0231613471671934
GC_02,S065,2025-03-24,28373.530864197535,1.8693850317793552,0.9419821352725194
GC_02,S188,2025-03-24,20112.396694214876,1.5994574998550692,0.9745673305882652
GC_02,S220,2025-03-24,34969.0,2.244195776157492,1.0430561886061478
GC_02,S345,2025-03-24,19094.21487603306,2.8684693354881317,1.021991720498718
GC_02,S207,2025-03-25,26460.44444444445,2.2689042170160345,0.9746387514902339
GC_02,S346,2025-03-25,15211.111111111113,2.6703732258659176,0.8949363116448259
GC_02,S026,2025-03-26,27041.97530864198,2.634809004358848,0.9756195104898393
GC_02,S030,2025-03-26,21199.359999999997,2.967310761651098,0.9735757783485192
GC_02,S362,2025-03-26,33856.0,2.075953034490791,1.083298992869508
GC_02,S434,2025-03-26,29431.308641975305,2.3109783180866152,1.0805918710832865
GC_02,S285,2025-03-27,23963.039999999994,2.9717499456841567,0.9220087274294533
GC_02,S333,2025-03-27,11296.653061224488,2.837831320204544,1.022411903207894
GC_02,S073,2025-03-28,27188.345679012345,2.612825586697821,1.035367420244481
GC_02,S217,2025-03-28,29279.012345679013,2.8092268092814825,1.0590593942552928
GC_02,S241,2025-03-28,32220.25,2.344250749607866,1.0869127037576445
GC_02,S376,2025-03-28,17713.19008264463,1.5662921371954601,1.0183156338572736
GC_02,S378,2025-03-28,17907.305785123965,2.0810479215208653,1.0381661843423127
GC_02,S040,2025-03-29,35721.0,2.4847466360872708,0.874783713212482
GC_02,S196,2025-03-29,37442.25,1.5824556961849068,1.0102900955573475
GC_02,S332,2025-03-29,16758.47933884298,2.319334600970503,0.9879652496535644
GC_02,S380,2025-03-29,29890.567901234575,2.244945555328833,1.0426234266687378
GC_02,S133,2025-03-30,34596.0,2.350572621645506,0.9874442200330822
GC_02,S246,2025-03-30,24197.530864197535,2.3880793670877267,0.9148675979639898
GC_02,S446,2025-03-30,40919.51020408163,2.02077409978504,0.9448545307104032
GC_02,S064,2025-03-31,35721.0,1.8673033210388705,0.9697544829240083
GC_02,S175,2025-03-31,27188.345679012345,2.082549592844654,1.062729405109753
GC_02,S273,2025-03-31,25600.0,1.7470662611781294,0.9201357138514799
GC_02,S401,2025-03-31,29431.308641975305,2.3665573350872133,0.9949764964164416
GC_02,S035,2025-04-01,20851.359999999993,1.6682725635625129,1.0891173734719497
GC_02,S075,2025-04-01,25316.345679012345,2.9374883109284,1.06469212496326
HPLC_01,S008,2025-01-01,59103.01234567902,2.5442363031942543,1.0562920124277904
HPLC_01,S054,2025-01-01,59103.01234567902,1.9765550555679292,1.0020898913080893
HPLC_01,S200,2025-01-01,46483.359999999986,2.359373522653209,1.043854493210156
HPLC_01,S297,2025-01-01,43264.0,1.5426486160003272,0.9978037375644304
HPLC_01,S431,2025-01-01,40803.999999999985,2.358436548219578,1.0744649334699892
HPLC_01,S001,2025-01-02,35755.371900826445,2.9805078130635185,1.0125986977359709
HPLC_01,S160,2025-01-02,37847.93388429751,2.2440984385196874,0.9962008932269598
HPLC_01,S199,2025-01-02,30392.111111111113,2.769614583204517,0.9572658817205761
HPLC_01,S002,2025-01-03,37143.80165289256,1.8817642817403153,0.9535090753236785
HPLC_01,S184,2025-01-03,35207.40495867769,1.9736765441849997,1.0067529986856678
HPLC_01,S201,2025-01-03,49778.56790123457,2.0769989681324743,1.0738919919653576
HPLC_01,S203,2025-01-03,41943.03999999999,1.8317184062137777,0.9346559522213543
HPLC_01,S335,2025-01-03,31921.777777777785,2.1758300919444915,0.9974864950570926
HPLC_01,S014,2025-01-04,37847.93388429751,2.6235247268328195,0.9343352651971545
HPLC_01,S102,2025-01-04,27301.207100591713,1.7088582646223958,0.9746978370912851
HPLC_01,S353,2025-01-04,87954.61224489794,2.8515935253933744,1.0470313728988851
HPLC_01,S070,2025-01-05,46139.03999999999,2.2279711064729946,0.997791277672175
HPLC_01,S111,2025-01-05,36585.2561983471,2.36633327159661,1.00765647323642
HPLC_01,S116,2025-01-05,33124.0,2.714349010903102,0.9627727628888232
HPLC_01,S182,2025-01-05,29241.0,2.0554711634508784,0.9796773194311965
HPLC_01,S195,2025-01-05,43597.439999999995,1.7832383091589394,0.9801801092691591
HPLC_01,S044,2025-01-06,56538.271604938265,2.006030231649746,1.0664158215423845
HPLC_01,S321,2025-01-08,37706.5785123967,2.5671238227270035,1.0550743528599813
HPLC_01,S306,2025-01-09,28673.77777777778,2.761846730748452,0.9635272969266069
HPLC_01,S257,2025-01-10,52390.123456790134,2.0398593354345897,1.061747705673858
HPLC_01,S266,2025-01-10,48048.64000000001,1.7342162327084643,1.0294233165361346
HPLC_01,S358,2025-01-10,63504.0,2.9177956841293713,0.989728940979058
HPLC_01,S365,2025-01-10,52186.86419753086,2.1435160427795923,1.012438772102398
HPLC_01,S100,2025-01-12,46828.96,1.6375432034297268,0.9771789889609798
HPLC_01,S230,2025-01-12,47349.759999999995,2.1172287439043487,1.0061709676005275
HPLC_01,S394,2025-01-13,72900.0,2.767592827451571,1.0061638605567422
HPLC_01,S436,2025-01-13,51781.530864197535,1.7914401684019345,1.0087039335095511
HPLC_01,S208,2025-01-14,27301.207100591713,2.803692620090923,0.898691423141956
HPLC_01,S281,2025-01-15,29469.444444444453,2.1181231909514406,0.9692649986088083
HPLC_01,S316,2025-01-15,53207.11111111112,2.471782520754113,0.959243567379855
HPLC_01,S412,2025-01-16,39276.033057851244,1.846877042177086,1.0641252807533754
HPLC_01,S048,2025-01-17,75625.0,2.899199892193171,0.9221076992661266
HPLC_01,S183,2025-01-17,31565.444444444453,2.618951655452981,0.9295762291764204
HPLC_01,S115,2025-01-18,50176.0,2.964005614480434,1.0906468495097377
HPLC_01,S423,2025-01-18,52390.123456790134,2.10432422637295,1.0888771213693236
HPLC_01,S187,2025-01-19,49977.08641975309,2.8951638979109386,0.9894534765334073
HPLC_01,S299,2025-01-19,72630.25,2.0293725377772116,0.972207570026196
HPLC_01,S049,2025-01-20,70490.25,2.3026204310752294,0.974459004253326
HPLC_01,S127,2025-01-20,43597.439999999995,2.5440853980892424,0.9229418823503107
HPLC_01,S123,2025-01-21,65280.25,1.539608557453569,1.0164190140588691
HPLC_01,S442,2025-01-21,40642.56,2.6795417045943895,0.9830044195960455
HPLC_01,S271,2025-01-22,44943.999999999985,1.5058480773641447,1.0896961518703765
HPLC_01,S069,2025-01-23,30044.44444444445,2.387873243363707,1.0277431732791666
HPLC_01,S398,2025-01-23,33455.735537190085,2.0139500937347514,1.0508701519017047
HPLC_01,S107,2025-01-24,54860.04938271604,2.7950484452926174,0.9468449995227298
HPLC_01,S413,2025-01-24,39709.61983471075,2.434462455078432,1.034721342558949
HPLC_01,S248,2025-01-25,72630.25,2.9163741767292324,1.0099787281031791
HPLC_01,S308,2025-01-25,69169.0,2.4151564352184858,1.0320716773922398
HPLC_01,S098,2025-01-26,41452.96,2.2026139322136102,0.9672677389683704
HPLC_01,S296,2025-01-27,36446.28099173553,2.6123441733246064,0.9944498871461568
HPLC_01,S429,2025-01-27,46656.0,1.697435604252685,1.015770899044183
HPLC_01,S045,2025-01-28,47873.439999999995,2.870903964528181,1.0527493781570483
HPLC_01,S336,2025-01-28,40320.63999999999,2.9621278809054643,0.9621585812453015
HPLC_01,S350,2025-01-28,89657.46938775507,1.9271097979132255,0.9984366226638421
HPLC_01,S444,2025-01-28,54652.049382716046,1.7809030012443225,1.04480026357497
HPLC_01,S105,2025-01-29,55905.97530864198,2.1965776089068814,1.0985421127612083
HPLC_01,S185,2025-01-29,58456.493827160506,2.4712582067963322,0.9761364440425336
HPLC_01,S269,2025-01-29,46483.359999999986,2.321979839083692,1.0089699073105367
HPLC_01,S323,2025-01-29,39132.03305785125,2.0804512667360022,1.0049117981904463
HPLC_01,S389,2025-01-29,68382.25,2.741555095897128,0.9972179771608509
HPLC_01,S074,2025-01-30,25305.4674556213,1.727678374383627,0.9694658601297784
HPLC_01,S368,2025-01-31,55905.97530864198,2.8359729037083814,1.004770899415255
HPLC_01,S025,2025-02-01,41452.96,2.536175504249488,0.9058750796547134
HPLC_01,S056,2025-02-03,64516.0,2.291101351771502,1.0657584121211572
HPLC_01,S142,2025-02-04,54652.049382716046,2.1689138624067095,1.005152648518344
HPLC_01,S179,2025-02-05,31329.0,2.8401547895448536,0.968393931930792
HPLC_01,S322,2025-02-05,50176.0,1.609087100184696,0.9922159361619091
HPLC_01,S382,2025-02-05,36724.49586776859,1.9645198830569512,1.0261456538688458
HPLC_01,S402,2025-02-05,67340.25,2.924072091136916,1.104331813384446
HPLC_01,S059,2025-02-06,63756.25,2.115179588494234,1.0405837527672535
HPLC_01,S138,2025-02-06,40642.56,1.9915456510609737,0.9612170044401498
HPLC_01,S245,2025-02-06,40642.56,1.9183586585966779,1.079937304712447
HPLC_01,S404,2025-02-06,57174.12345679013,1.8971578323128813,1.0233247926813511
HPLC_01,S226,2025-02-07,40642.56,2.014797134043694,1.0718128717318207
HPLC_01,S011,2025-02-08,24915.408284023666,1.905209550744057,1.019328406584494
HPLC_01,S370,2025-02-08,38416.0,2.9444222255551495,0.9693854435935032
HPLC_01,S032,2025-02-09,33002.77777777779,2.8336939531579306,1.0412728864673315
HPLC_01,S055,2025-02-09,41615.999999999985,1.7087001625253249,1.0570829265254262
HPLC_01,S152,2025-02-09,39709.61983471075,2.4478208137823794,1.0502130511890166
HPLC_01,S244,2025-02-09,86268.08163265303,2.152981744220307,0.9935155728855778
HPLC_01,S372,2025-02-09,40803.999999999985,2.200565388299365,1.0947104523574338
HPLC_01,S177,2025-02-10,66049.0,1.7119951002310656,1.04717399749126
HPLC_01,S209,2025-02-10,51377.777777777774,2.2816998158993735,1.1351906723131833
HPLC_01,S320,2025-02-10,63252.25,1.9513468083738776,1.0134205657677973
HPLC_01,S325,2025-02-10,31329.0,1.660161448091748,1.030414973018255
HPLC_01,S238,2025-02-11,54030.41975308644,2.7957450852287677,0.9775346674661823
HPLC_01,S249,2025-02-11,62750.249999999985,2.853154805263575,0.9138826828604032
HPLC_01,S265,2025-02-12,43430.55999999999,2.3697689314235353,1.0564186842577243
HPLC_01,S315,2025-02-12,33002.77777777779,1.545648245029707,1.0078910154664757
HPLC_01,S381,2025-02-12,64008.999999999985,2.7211817891800902,1.003247186188602
HPLC_01,S024,2025-02-13,30508.444444444453,2.807289627710178,0.9433991954530285
HPLC_01,S186,2025-02-13,94512.32653061222,2.513576616271653,0.9793119148801352
HPLC_01,S214,2025-02-13,33855.99999999999,2.530333077066774,1.0070932714346534
HPLC_01,S329,2025-02-13,63000.999999999985,1.6818677124809325,0.9970810791079351
HPLC_01,S039,2025-02-14,65024.999999999985,2.042170915524599,1.0129153525080312
HPLC_01,S072,2025-02-14,84930.61224489793,2.4415050970477608,1.0742178210115665
HPLC_01,S154,2025-02-15,35893.024793388424,2.441058554468116,0.9697133610296357
HPLC_01,S242,2025-02-15,81632.65306122447,2.565181696417571,1.0025964539056944
HPLC_01,S247,2025-02-15,38273.5867768595,1.8924406120724393,1.0058995444690084
HPLC_01,S311,2025-02-15,34663.669421487604,1.5306104762023514,0.9498526773381782
HPLC_01,S403,2025-02-15,64262.25,2.347542923688003,1.0165371701576265
HPLC_01,S304,2025-02-16,56749.82716049384,1.8485275257761191,1.0675206206334282
HPLC_01,S406,2025-02-16,35344.0,2.2534555224312296,0.9916627910380856
HPLC_01,S057,2025-02-17,53412.345679012345,1.608410231537499,1.0338873053273345
HPLC_01,S178,2025-02-17,69696.0,1.7160453035045569,1.004622046643555
HPLC_01,S251,2025-02-17,66822.25,2.1927206881241883,1.0636629134281639
HPLC_01,S078,2025-02-18,41943.03999999999,2.7254192026920854,1.0461802840523027
HPLC_01,S282,2025-02-18,35344.0,2.331299539265455,0.9876471480691501
HPLC_01,S292,2025-02-18,37143.80165289256,2.984655767235111,0.8834560781356506
HPLC_01,S405,2025-02-18,43932.159999999996,2.336291273359368,0.9455203260596295
HPLC_01,S225,2025-02-19,44268.15999999999,1.7788279927629005,1.0078146405271138
HPLC_01,S407,2025-02-19,55696.0,2.765229636209961,0.8847628993793458
HPLC_01,S430,2025-02-19,73712.25,2.2790864052710473,1.008084746806356
HPLC_01,S295,2025-02-20,34124.1652892562,1.7241445758781933,0.9761662121628788
HPLC_01,S132,2025-02-22,34935.008264462806,2.8342625519792284,1.0301412087288524
HPLC_01,S371,2025-02-22,54860.04938271604,2.2952066731329896,0.951267324670656
HPLC_01,S143,2025-02-23,45113.75999999999,2.7980383004717995,1.002194469718499
HPLC_01,S383,2025-02-23,50975.604938271616,1.6188523705430773,1.0151967708815401
HPLC_01,S017,2025-02-24,88293.87755102038,2.1045381491780812,0.943693998790414
HPLC_01,S041,2025-02-24,40803.999999999985,2.8820236623661977,1.0920687207065833
HPLC_01,S289,2025-02-24,35071.07438016529,2.327911984260658,1.0260732009176414
HPLC_01,S067,2025-02-25,42271.359999999986,1.5152275225879572,1.0280127706617135
HPLC_01,S119,2025-02-25,55486.41975308641,1.9539085394052194,1.0032310686015575
HPLC_01,S159,2025-02-25,62750.249999999985,2.773100339985689,0.9470526184441511
HPLC_01,S419,2025-02-25,63252.25,2.9718429728324605,1.0430036249754764
HPLC_01,S019,2025-02-26,38273.5867768595,2.1197058888617777,0.9415079898692965
HPLC_01,S447,2025-02-26,32881.77777777778,2.8248839529034653,0.9669383201739914
HPLC_01,S005,2025-02-27,40642.56,1.704452266557214,0.9921545251017185
HPLC_01,S085,2025-02-27,57386.86419753086,2.3967869160430197,1.046414829120375
HPLC_01,S377,2025-02-27,38131.438016528926,1.8429863906686221,0.9446157450356576
HPLC_01,S018,2025-02-28,71022.25,2.8179399642207623,0.9862502381163168
HPLC_01,S114,2025-02-28,67340.25,2.328772540838572,0.9902122807061576
HPLC_01,S437,2025-02-28,47698.55999999999,2.637384682669758,0.9478227457157191
HPLC_01,S441,2025-02-28,63000.999999999985,2.3637753902671657,1.0090900528274283
HPLC_01,S052,2025-03-01,30976.00000000001,1.6960676100397245,1.0953238900959215
HPLC_01,S140,2025-03-01,54030.41975308644,1.7142841974379344,1.0370357993709034
HPLC_01,S213,2025-03-02,36446.28099173553,2.36003400137879,0.9612017368668945
HPLC_01,S351,2025-03-02,43264.0,2.2657943506041778,0.9117092713101627
HPLC_01,S387,2025-03-02,47002.23999999999,2.6468983527205703,1.021979605066045
HPLC_01,S252,2025-03-03,65024.999999999985,1.6548832816251677,0.9887043208902468
HPLC_01,S310,2025-03-03,32041.0,2.8832440120287655,1.0562866279371315
HPLC_01,S283,2025-03-04,69169.0,2.236718958850348,0.9678428012958847
HPLC_01,S422,2025-03-04,43264.0,1.8288918232750428,1.0541376384834085
HPLC_01,S061,2025-03-05,97343.99999999997,2.217638560165361,1.0396392002466839
HPLC_01,S146,2025-03-07,56327.11111111112,1.873607891071921,1.0121382176875533
HPLC_01,S193,2025-03-07,50575.01234567901,2.1852790340225665,1.086326661422211
HPLC_01,S259,2025-03-07,29584.0,1.9759820316319907,1.0773552319326194
HPLC_01,S443,2025-03-09,43097.759999999995,2.529995945750812,1.0935602336005148
HPLC_01,S013,2025-03-10,53207.11111111112,1.6330229513808696,0.8959283794150186
HPLC_01,S284,2025-03-10,55905.97530864198,2.5786992850941584,0.9768702998063558
HPLC_01,S302,2025-03-11,59319.308641975316,2.754444851858394,0.9609720065477987
HPLC_01,S424,2025-03-12,62750.249999999985,2.648183973180175,0.9770231632869526
HPLC_01,S009,2025-03-13,36169.12396694215,2.827295739180559,1.0344758295228216
HPLC_01,S121,2025-03-13,56538.271604938265,2.4484180741543935,1.0854574944205477
HPLC_01,S122,2025-03-13,87615.99999999997,2.4756503121929607,0.9722769883500909
HPLC_01,S161,2025-03-13,57813.530864197535,2.829643868885821,0.9899245814131534
HPLC_01,S317,2025-03-13,62500.0,2.9001270215465116,0.9578600745491309
HPLC_01,S397,2025-03-13,45283.840000000004,2.3502022647754344,1.0398505413187251
HPLC_01,S077,2025-03-14,94512.32653061222,2.1666221269599406,1.0330131413346553
HPLC_01,S113,2025-03-14,66306.25,1.962136127606919,1.0620029821991812
HPLC_01,S117,2025-03-14,59103.01234567902,1.8062902739188829,0.9680002124555886
HPLC_01,S268,2025-03-15,39132.03305785125,2.480322384079116,1.0628447056539851
HPLC_01,S291,2025-03-15,35480.859504132226,2.096211875483962,1.002902143519669
HPLC_01,S339,2025-03-15,55905.97530864198,1.8498333056667253,1.0153182885530996
HPLC_01,S352,2025-03-15,37003.76859504133,1.5708047863656633,0.9662502980687583
HPLC_01,S125,2025-03-16,38131.438016528926,2.500695136997001,1.031945181073196
HPLC_01,S147,2025-03-16,71556.25,2.44664796432066,0.9269764067100059
HPLC_01,S303,2025-03-16,28112.111111111117,2.593836684730828,1.0205377575201997
HPLC_01,S326,2025-03-16,37143.80165289256,2.138852113864418,0.9494026701947933
HPLC_01,S191,2025-03-17,65024.999999999985,2.1179236115093376,0.9954451719259151
HPLC_01,S395,2025-03-17,36585.2561983471,1.6516651494251218,0.9634893672872303
HPLC_01,S416,2025-03-17,38131.438016528926,2.622428213756812,1.0176772939689247
HPLC_01,S036,2025-03-18,84265.79591836734,2.7776762319440427,1.0039466625208857
HPLC_01,S104,2025-03-18,33455.735537190085,1.9157189687090321,1.0522498824182502
HPLC_01,S334,2025-03-18,55486.41975308641,2.8347432320245707,1.0841562733983787
HPLC_01,S090,2025-03-19,34258.64462809917,1.9682616588897184,1.0905339900856799
HPLC_01,S091,2025-03-19,33489.0,2.2040208478462406,0.9851538310377723
HPLC_01,S129,2025-03-19,92068.89795918365,1.8947820028821496,1.0143387765251888
HPLC_01,S253,2025-03-20,39276.033057851244,2.781881666159552,0.9851597118396966
HPLC_01,S375,2025-03-20,38558.67768595042,1.5683535450841573,1.037919493807079
HPLC_01,S409,2025-03-20,69960.25,2.487029032666468,1.0417191382503765
HPLC_01,S016,2025-03-21,82287.02040816325,1.9880482662038108,0.922600226647843
HPLC_01,S033,2025-03-21,48400.0,2.7231970690847858,0.9680303382786847
HPLC_01,S347,2025-03-21,34935.008264462806,2.4905204583054887,1.0027864524175376
HPLC_01,S082,2025-03-22,52186.86419753086,1.8063355658189184,0.9530863103141115
HPLC_01,S227,2025-03-22,84930.61224489793,1.956939142878993,0.9385906086516693
HPLC_01,S309,2025-03-22,44605.439999999995,2.490273723604803,0.9662801578859044
HPLC_01,S388,2025-03-22,38131.438016528926,2.5587769819084736,1.0199836552421242
HPLC_01,S079,2025-03-23,38844.82644628099,1.8976597080447337,1.0249375799477733
HPLC_01,S150,2025-03-23,59536.000000000015,2.7141495484466214,1.0398181363338832
HPLC_01,S202,2025-03-23,28900.0,2.176307090045425,1.025334360140378
HPLC_01,S232,2025-03-23,54237.23456790124,1.5626117756856326,1.068307333009873
HPLC_01,S043,2025-03-24,44774.56,2.993979396182726,0.9444717449078234
HPLC_01,S229,2025-03-24,41615.999999999985,2.1812868085284975,0.9734747414312085
HPLC_01,S046,2025-03-25,43764.64000000001,1.6771823649991138,1.0194299534916929
HPLC_01,S068,2025-03-25,49580.44444444444,2.003266276446986,1.06864490343799
HPLC_01,S189,2025-03-25,52390.123456790134,2.258464936671215,0.9141266088955151
HPLC_01,S359,2025-03-26,63756.25,2.6224516508622084,1.0002278906536377
HPLC_01,S083,2025-03-27,66049.0,2.8680342938937198,0.9742759755746593
HPLC_01,S118,2025-03-27,39564.82644628099,1.9227724147529022,0.9774115630472675
HPLC_01,S180,2025-03-27,59536.000000000015,1.7572578535273387,1.0114316397629055
HPLC_01,S256,2025-03-27,31329.0,2.8548294360168325,0.9585192233359775
HPLC_01,S167,2025-03-28,33190.21487603306,2.684403211425549,1.0390095874206902
HPLC_01,S341,2025-03-28,36724.49586776859,1.6315787515063287,1.0412759190620096
HPLC_01,S058,2025-03-29,45967.36,2.033859047775427,0.9678773933303946
HPLC_01,S264,2025-03-29,43430.55999999999,1.948457503581046,0.9243295841707216
HPLC_01,S426,2025-03-29,65024.999999999985,1.5266122530929325,1.0266999763312843
HPLC_01,S021,2025-03-30,41290.24,2.3759323202324807,0.9484855304432027
HPLC_01,S194,2025-03-30,40000.0,2.999827962919089,1.0164050078871607
HPLC_01,S386,2025-03-30,46656.0,1.9897712587512493,1.0171455677540462
HPLC_01,S020,2025-03-31,69960.25,2.3571050420212103,1.0267496937238543
HPLC_01,S131,2025-03-31,53207.11111111112,2.8908002226712597,1.025796303986163
HPLC_01,S235,2025-03-31,55277.234567901236,1.948438674349807,1.103973720043636
HPLC_01,S399,2025-03-31,33722.31404958677,1.8799616108533517,1.0046259258423718
HPLC_01,S190,2025-04-01,64262.25,2.8776061733882576,0.9638447348327243
HPLC_01,S216,2025-04-01,33455.735537190085,1.8427475894124798,1.0752122515977518
